﻿pos_x,pos_y,rotation,side,designator,mpn,pack,value,mount_type,place
53.213,-144.78,0.0,top,A1,,Arduino_Due_Shield,Arduino_Due_Shield,tht,True
142.24,-70.11608,-90.0,bottom,C1,,FP-C3216-160-0_2-IPC_C,C3216JB1A106M160AA,tht,True
149.86,-70.11608,-90.0,bottom,C2,,FP-C3216-160-0_2-IPC_C,C3216JB1A106M160AA,tht,True
165.1,-70.08002,90.0,bottom,C3,,CAPC1206(3216)100_N,CAP 100pF 100V 1206(3216),tht,True
157.48,-70.08002,90.0,bottom,C4,,CAPC1206(3216)100_N,CAP 100pF 100V 1206(3216),tht,True
66.04,-70.08002,90.0,bottom,C5,,CAPC1206(3216)100_N,CAP 100pF 100V 1206(3216),tht,True
73.66,-70.08002,90.0,bottom,C6,,CAPC1206(3216)100_N,CAP 100pF 100V 1206(3216),tht,True
81.28,-71.12,-90.0,bottom,C7,,FP-C3216-160-0_2-IPC_C,C3216JB1A106M160AA,tht,True
88.9,-71.12,-90.0,bottom,C8,,FP-C3216-160-0_2-IPC_C,C3216JB1A106M160AA,tht,True
99.06,-86.36,180.0,bottom,J1,,FP-5015-MFG,5015,tht,True
132.08,-83.82,0.0,top,J2,,FP-5015-MFG,5015,tht,True
167.64,-88.9,0.0,top,J4,,FP-1-1337445-0-MFG,1-1337445-0,tht,True
165.017957,-51.035304,-90.0,top,J5,,FP-24_243_1-MFG,24.243.1,tht,True
167.64,-111.76001,0.0,top,J6,,FP-1-1337445-0-MFG,1-1337445-0,tht,True
167.64,-134.62001,0.0,top,J7,,FP-1-1337445-0-MFG,1-1337445-0,tht,True
114.00003,-51.063323,-90.0,top,J8,,FP-24_243_1-MFG,24.243.1,tht,True
65.997253,-50.970894,-90.0,top,J9,,FP-24_243_1-MFG,24.243.1,tht,True
125.49876,-66.04,0.0,bottom,R1,,FP-KTR18-IPC_A,KTR18EZPJ102,tht,True
112.79876,-66.04,0.0,bottom,R2,,FP-KTR18-IPC_A,KTR18EZPJ102,tht,True
111.125,-74.93001,0.0,top,U1,,KVT0007A,OPA452TA-1,tht,True
99.06,-125.73,-90.0,top,U2,,PDIP300-P8,MCP4921-E/P,tht,True
95.25,-110.49,-90.0,top,U3,MCP4131-103E/P,MCP4131,MCP4131-103E_P,tht,True
