﻿pos_x,pos_y,rotation,side,designator,mpn,pack,value,mount_type,place
53.213,-152.4,0.0,top,A1,,Arduino_Due_Shield,Arduino_Due_Shield,tht,True
109.22,-46.79609,-90.0,top,C1,,FP-C3216-160-0_2-IPC_C,C3216JB1A106M160AA,tht,True
93.98,-46.79609,-90.0,top,C2,,FP-C3216-160-0_2-IPC_C,C3216JB1A106M160AA,tht,True
86.36,-46.76003,90.0,top,C3,,CAPC1206(3216)100_N,CAP 100pF 100V 1206(3216),tht,True
101.6,-46.76003,90.0,top,C4,,CAPC1206(3216)100_N,CAP 100pF 100V 1206(3216),tht,True
116.84,-62.00003,90.0,top,C5,,CAPC1206(3216)100_N,CAP 100pF 100V 1206(3216),tht,True
109.22,-62.46002,90.0,top,C6,,CAPC1206(3216)100_N,CAP 100pF 100V 1206(3216),tht,True
101.6,-63.5,-90.0,top,C7,,FP-C3216-160-0_2-IPC_C,C3216JB1A106M160AA,tht,True
93.98,-63.5,-90.0,top,C8,,FP-C3216-160-0_2-IPC_C,C3216JB1A106M160AA,tht,True
132.08,-71.12,180.0,bottom,J1,,FP-5015-MFG,5015,tht,True
152.4,-73.66,0.0,top,J2,,FP-5015-MFG,5015,tht,True
179.07,-146.05,0.0,top,J3,,61301221121,61301221121,tht,True
167.64,-63.5,0.0,top,J4,,FP-1-1337445-0-MFG,1-1337445-0,tht,True
63.5,-48.26,180.0,top,J5,,FP-24_243_1-MFG,24.243.1,tht,True
167.64,-106.68001,0.0,top,J6,,FP-1-1337445-0-MFG,1-1337445-0,tht,True
167.64,-83.82001,0.0,top,J7,,FP-1-1337445-0-MFG,1-1337445-0,tht,True
63.5,-78.74,180.0,top,J8,,FP-24_243_1-MFG,24.243.1,tht,True
63.5,-63.5,180.0,top,J9,,FP-24_243_1-MFG,24.243.1,tht,True
133.58125,-60.96,0.0,bottom,R1,,FP-KTR18-IPC_A,KTR18EZPJ102,tht,True
125.49876,-60.96,0.0,bottom,R2,,FP-KTR18-IPC_A,KTR18EZPJ102,tht,True
135.255,-50.80001,0.0,top,U1,,KVT0007A,OPA452TA-1,tht,True
99.06,-133.35,-90.0,top,U2,,PDIP300-P8,MCP4921-E/P,tht,True
95.25,-118.11,-90.0,top,U3,MCP4131-103E/P,MCP4131,MCP4131-103E_P,tht,True
