﻿pos_x,pos_y,rotation,side,designator,mpn,pack,value,mount_type,place
49.784,-149.86,0.0,top,A1,,Arduino_Due_Shield,Arduino_Due_Shield,tht,True
109.22,-46.79609,-90.0,top,C1,,FP-C3216-160-0_2-IPC_C,C3216JB1A106M160AA,tht,True
93.98,-46.79609,-90.0,top,C2,,FP-C3216-160-0_2-IPC_C,C3216JB1A106M160AA,tht,True
86.36,-46.76003,90.0,top,C3,,CAPC1206(3216)100_N,CAP 100pF 100V 1206(3216),tht,True
101.6,-46.76003,90.0,top,C4,,CAPC1206(3216)100_N,CAP 100pF 100V 1206(3216),tht,True
116.84,-62.00003,90.0,top,C5,,CAPC1206(3216)100_N,CAP 100pF 100V 1206(3216),tht,True
109.22,-62.46002,90.0,top,C6,,CAPC1206(3216)100_N,CAP 100pF 100V 1206(3216),tht,True
101.6,-63.5,-90.0,top,C7,,FP-C3216-160-0_2-IPC_C,C3216JB1A106M160AA,tht,True
93.98,-63.5,-90.0,top,C8,,FP-C3216-160-0_2-IPC_C,C3216JB1A106M160AA,tht,True
149.86,-86.36,0.0,top,J1,,FP-5015-MFG,5015,tht,True
185.42,-84.0,0.0,top,J2,,FP-5015-MFG,5015,tht,True
179.07,-146.05,0.0,top,J3,,61301221121,61301221121,tht,True
190.5,-50.8,0.0,top,J4,,FP-1-1337445-0-MFG,1-1337445-0,tht,True
63.5,-48.26,180.0,top,J5,,FP-24_243_1-MFG,24.243.1,tht,True
190.53002,-129.56998,0.0,top,J6,,FP-1-1337445-0-MFG,1-1337445-0,tht,True
187.99002,-99.08998,0.0,top,J7,,FP-1-1337445-0-MFG,1-1337445-0,tht,True
63.5,-78.74,180.0,top,J8,,FP-24_243_1-MFG,24.243.1,tht,True
63.5,-63.5,180.0,top,J9,,FP-24_243_1-MFG,24.243.1,tht,True
149.86,-58.42,90.0,top,R1,,FP-KTR18-IPC_A,KTR18EZPJ102,tht,True
148.35876,-68.58,0.0,top,R2,,FP-KTR18-IPC_A,KTR18EZPJ102,tht,True
135.255,-50.80001,0.0,top,U1,,KVT0007A,OPA452TA-1,tht,True
111.76,-85.09,90.0,top,U2,,PDIP300-P8,MCP4921-E/P,tht,True
