﻿designator,quantity,value,pack,mpn,mount_type
A1,1,Arduino_Due_Shield,Arduino_Due_Shield,,tht
"C1, C2, C7, C8",4,10uF,CP_Radial_D6.3mm_P2.50mm,,tht
"C3, C4, C5, C6",4,100pF,C_Rect_L7.0mm_W2.5mm_P5.00mm,,tht
"J1, J2",2,5015,FP-5015-MFG,,tht
"J4, J6, J7",3,1-1337445-0,FP-1-1337445-0-MFG,,tht
"J5, J8, J9",3,24.243.1,FP-24_243_1-MFG,,tht
"R1, R2",2,KTR18EZPJ102,R_Axial_DIN0411_L9.9mm_D3.6mm_P12.70mm_Horizontal,,tht
U1,1,OPA452TA-1,KVT0007A,,tht
U2,1,MCP4921-E/P,PDIP300-P8,,tht
U3,1,MCP4131-103E_P,MCP4131,MCP4131-103E/P,tht
