﻿pos_x,pos_y,rotation,side,designator,mpn,pack,value,mount_type,place
176.3,-41.9,0.0,top,,,,,tht,True
55.3,-41.9,0.0,top,,,,,tht,True
55.3,-148.9,0.0,top,,,,,tht,True
176.3,-148.9,0.0,top,,,,,tht,True
53.24,-144.8,0.0,top,A1,,Arduino_Due_Shield,Arduino_Due_Shield,tht,True
133.7575,-68.5,90.0,top,C1,,CP_Radial_D6.3mm_P2.50mm,C3216JB1A106M160AA,tht,True
142.5,-68.5,90.0,top,C2,,CP_Radial_D6.3mm_P2.50mm,C3216JB1A106M160AA,tht,True
155.5,-63.5,-90.0,top,C3,,C_Rect_L7.0mm_W2.5mm_P5.00mm,CAP 100pF 100V 1206(3216),tht,True
150.0,-63.5,-90.0,top,C4,,C_Rect_L7.0mm_W2.5mm_P5.00mm,CAP 100pF 100V 1206(3216),tht,True
76.5,-61.0,-90.0,top,C5,,C_Rect_L7.0mm_W2.5mm_P5.00mm,CAP 100pF 100V 1206(3216),tht,True
82.5,-61.0,-90.0,top,C6,,C_Rect_L7.0mm_W2.5mm_P5.00mm,CAP 100pF 100V 1206(3216),tht,True
90.5,-66.0,90.0,top,C7,,CP_Radial_D6.3mm_P2.50mm,C3216JB1A106M160AA,tht,True
99.5,-66.0,90.0,top,C8,,CP_Radial_D6.3mm_P2.50mm,C3216JB1A106M160AA,tht,True
137.8,-88.9,0.0,top,J1,,FP-5015-MFG,5015,tht,True
155.8,-77.4,0.0,top,J2,,FP-5015-MFG,5015,tht,True
57.0,-112.46,0.0,top,J3,,PinSocket_1x06_P2.54mm_Vertical,Conn_01x06_Pin,tht,True
167.64,-88.9,0.0,top,J4,,FP-1-1337445-0-MFG,1-1337445-0,tht,True
165.017957,-51.035304,-90.0,top,J5,,FP-24_243_1-MFG,24.243.1,tht,True
167.64,-111.76001,0.0,top,J6,,FP-1-1337445-0-MFG,1-1337445-0,tht,True
167.64,-134.62001,0.0,top,J7,,FP-1-1337445-0-MFG,1-1337445-0,tht,True
114.00003,-51.063323,-90.0,top,J8,,FP-24_243_1-MFG,24.243.1,tht,True
65.997253,-50.970894,-90.0,top,J9,,FP-24_243_1-MFG,24.243.1,tht,True
131.3,-55.0,0.0,top,R1,,R_Axial_DIN0411_L9.9mm_D3.6mm_P12.70mm_Horizontal,KTR18EZPJ102,tht,True
144.0,-45.0,180.0,top,R2,,R_Axial_DIN0411_L9.9mm_D3.6mm_P12.70mm_Horizontal,KTR18EZPJ102,tht,True
111.125,-74.93001,0.0,top,U1,,KVT0007A,OPA452TA-1,tht,True
99.06,-125.73,-90.0,top,U2,,PDIP300-P8,MCP4921-E/P,tht,True
95.25,-110.49,-90.0,top,U3,MCP4131-103E/P,MCP4131,MCP4131-103E_P,tht,True
