﻿designator,quantity,value,pack,mpn,mount_type
A1,1,Arduino_Due_Shield,Arduino_Due_Shield,,tht
"C1, C2, C7, C8",4,C3216JB1A106M160AA,FP-C3216-160-0_2-IPC_C,,tht
"C3, C4, C5, C6",4,CAP 100pF 100V 1206(3216),CAPC1206(3216)100_N,,tht
"J1, J2",2,5015,FP-5015-MFG,,tht
"J4, J6, J7",3,1-1337445-0,FP-1-1337445-0-MFG,,tht
"J5, J8, J9",3,24.243.1,FP-24_243_1-MFG,,tht
"R1, R2",2,KTR18EZPJ102,FP-KTR18-IPC_A,,tht
U1,1,OPA452TA-1,KVT0007A,,tht
U2,1,MCP4921-E/P,PDIP300-P8,,tht
U3,1,MCP4131-103E_P,MCP4131,MCP4131-103E/P,tht
